<?xml version="1.0" encoding="UTF-8"?>
<endpoints xmlns="http://java.sun.com/xml/ns/jax-ws/ri/runtime" version="2.0">
   <endpoint name="lsfileaeWebService"
             implementation="com.legstar.test.cixs.lsfileae.LsfileaeImpl"
             url-pattern="/lsfileae">
      <handler-chains xmlns="http://java.sun.com/xml/ns/javaee">
         <handler-chain>
            <handler>
               <handler-class>com.legstar.cixs.coxb.CIXWHandler</handler-class>
            </handler>
         </handler-chain>
      </handler-chains>
   </endpoint>
</endpoints>