<!-- =================================================================================
     This script generates JAXB classes from an XML Schema. A plugin to the
     standard sun XJC tool uses annotations in the XSD to annotate the JAXB
     classes.
  -->
<project basedir=".." default="compileJAXB" name="generate-JAXB-classes">

	<!-- ===========================================================  -->
	<!-- Setup environment
	  -->
	<target name="init">
		
		<!-- Path to the source XML schema file   -->
	 	<property name="xsd.file" value="schema/lsfileae.xsd" />
		<!-- Location for generated JAXB classes   -->
	 	<property name="jaxb.src.dir" value="src/main/java" />
		<!-- Location for generated JAXB binaries   -->
	 	<property name="jaxb.bin.dir" value="target/classes" />
		<!-- Wehther to fork the java compiler or not   -->
	 	<property name="javac.fork" value="no" />
			
		<!-- Classpath setting  -->
		<path id="classpath">
	    	<fileset dir="${basedir}" includes="lib/*.jar" />
	  	</path>

		<!-- The regular sun JAXB XJC tool ant task  -->
		<taskdef name="xjc" classname="com.sun.tools.xjc.XJCTask" classpathref="classpath"/>
		
		<!-- Make sure target directories exist -->
		<mkdir dir="${jaxb.src.dir}"/>
		<mkdir dir="${jaxb.bin.dir}"/>
		
	</target>

	<!-- ===========================================================  -->
	<!-- Generate the JAXB classes source
	  -->
	<target name="generateJAXB" depends="init">
		<echo message="Generating JAXB classes for ${xsd.file}" />
	    <xjc schema="${xsd.file}" destdir="${jaxb.src.dir}" extension="true" removeOldOutput="yes">
			<!--COXB xjc plugin extension-->
			<arg value="-Xlegstar-code" />
			<!--Without this option (no validation), out of memory errors -->
			<arg value="-nv" />
	    </xjc>
	</target>

	<!-- ===========================================================  -->
	<!-- Compile the generated JAXB classes. fork="no" prevents
	     the bug on package-info.java
	  -->
	<target name="compileJAXB" depends="generateJAXB">
		<javac srcdir="${jaxb.src.dir}"
		       destdir="${jaxb.bin.dir}"
		       classpathref="classpath"
		       fork="${javac.fork}"
		/>
	</target>
	
</project>
