<!-- =================================================================================
     This script generates binding classes from JAXB objects. It is a 2 stages
     process: first a temporary XML is created by reflecting on the JAXB objects
     and then a set of cobol binding classes is generated, using XSLT, to  
     provide efficient runtime code for visitors (avoids reflection and use of
     annotations at runtime).
  -->
<project basedir=".." default="compileCOXB" name="generate-COXB-classes">

	<!-- ===========================================================  -->
	<!-- Setup environment
	  -->
	<target name="init">
		
		<!-- Path to the source XML schema file   -->
	 	<property name="xsd.file" value="schema/lsfileae.xsd" />
		<!-- Location for generated classes   -->
	 	<property name="jaxb.src.dir" value="src/main/java" />
		<!-- Location for generated JAXB binaries   -->
	 	<property name="jaxb.bin.dir" value="target/classes" />
		<!-- The JAXB root object name. Binding is for a single complex
		     element.   -->
	 	<property name="jaxb.root.name" value="DfhcommareaType" />
			
		<!-- Classpath setting -->
		<path id="classpath">
	    	<fileset dir="${basedir}" includes="lib/*.jar" />
	  		<!--JAXB generated classes (needed for reflection) -->
	  		<dirset dir="${jaxb.bin.dir}"/>
	  	</path>

		<!-- Generator ant task -->
		<taskdef name="coxbgen"
			classname="com.legstar.coxb.gen.CoxbBindingGenerator"
			classpathref="classpath"/>
	
	</target>

	<!-- ===========================================================  -->
	<!-- Generate binding classes by reflecting on JAXB classes.
	  -->
	<target name="generateCOXB" depends="init">
	    <echo message="Generating binding classes for ${xsd.file}" />
		<coxbgen 
			XsdFile="${xsd.file}"
			JaxbRootObjectName="${jaxb.root.name}"
			targetDir="${jaxb.src.dir}"
		/>
	</target>

	<!-- ===========================================================  -->
	<!-- Compile the generated binding classes
	  -->
	<target name="compileCOXB" depends="generateCOXB">
		<javac srcdir="${jaxb.src.dir}"
		       destdir="${jaxb.bin.dir}"
		       classpathref="classpath"
		       fork="yes"
		/>
	</target>
	
</project>
